{
  "train_loss": [
    9.129659433829753,
    8.886606741459316,
    8.783449836742058,
    8.711862495268958,
    8.67155351048385
  ],
  "val_loss": [
    12.355318657684327,
    12.36876032333374,
    12.364109539794923,
    12.361813446807862,
    12.3823344871521
  ],
  "val_cosine_sim": [
    0.762931764125824,
    0.8009305596351624,
    0.795553982257843,
    0.8009393215179443,
    0.7949900031089783
  ],
  "epochs": [
    1,
    2,
    3,
    4,
    5
  ]
}