{
  "train_loss": [
    32.130353251165225,
    30.276171091459315,
    29.793418997880586,
    29.563008700502685,
    29.84699390883704
  ],
  "val_loss": [
    50.025718688964844,
    50.139713287353516,
    50.10826873779297,
    50.09495544433594,
    50.00352478027344
  ],
  "val_cosine_sim": [
    0.3194432854652405,
    0.2713503837585449,
    0.275908887386322,
    0.255506694316864,
    0.31548038125038147
  ],
  "epochs": [
    1,
    2,
    3,
    4,
    5
  ]
}