{
  "train_loss": [
    28.725350724979798,
    29.9781090413872,
    29.511695185243173
  ],
  "val_loss": [
    42.655340661621096,
    49.90786361694336,
    49.88990783691406
  ],
  "val_cosine_sim": [
    0.34714996814727783,
    0.4243878722190857,
    0.438122034072876
  ],
  "epochs": [
    1,
    2,
    3
  ]
}