{
  "train_loss": [
    8.209340680015332,
    7.834096985208948
  ],
  "val_loss": [
    8.933830629730224,
    8.817005326080322
  ],
  "val_cosine_sim": [
    0.7983201742172241,
    0.7637258768081665
  ],
  "epochs": [
    1,
    2
  ]
}