{
  "train_loss": [
    28.725350724979798,
    29.9781090413872,
    29.511695185243173,
    29.078402711676656,
    28.896932053277396,
    28.796750078693933,
    28.781542458210335,
    28.781336495844617,
    28.810741382803,
    28.83579167866172
  ],
  "val_loss": [
    42.655340661621096,
    49.90786361694336,
    49.88990783691406,
    49.937137603759766,
    49.8871748046875,
    49.88508987426758,
    49.90252685546875,
    49.968345642089844,
    49.925506591796875,
    49.91968536376953
  ],
  "val_cosine_sim": [
    0.34714996814727783,
    0.4243878722190857,
    0.438122034072876,
    0.37429702281951904,
    0.3891451060771942,
    0.4137022793292999,
    0.40303176641464233,
    0.3435494303703308,
    0.3616819977760315,
    0.3561835289001465
  ],
  "epochs": [
    1,
    2,
    3,
    4,
    5,
    6,
    7,
    8,
    9,
    10
  ]
}